Date	Open	High	Low	Close*	Adj Close**	Volume
Jul 12, 2024	454.33	456.36	450.65	453.55	453.55	16,311,300
Jul 11, 2024	462.98	464.78	451.55	454.70	454.70	23,111,200
Jul 10, 2024	461.22	466.46	458.86	466.25	466.25	18,196,100
Jul 09, 2024	467.00	467.33	458.00	459.54	459.54	17,207,200
Jul 08, 2024	466.55	467.70	464.46	466.24	466.24	12,962,300
Jul 05, 2024	459.61	468.35	458.97	467.56	467.56	16,000,300
Jul 03, 2024	458.19	461.02	457.88	460.77	460.77	9,932,800
Jul 02, 2024	453.20	459.59	453.11	459.28	459.28	13,979,800
Jul 01, 2024	448.66	457.37	445.66	456.73	456.73	17,662,800
Jun 28, 2024	453.07	455.38	446.41	446.95	446.95	28,362,300
Jun 27, 2024	452.18	456.17	451.77	452.85	452.85	14,806,300
Jun 26, 2024	449.00	453.60	448.19	452.16	452.16	16,507,000
Jun 25, 2024	448.25	451.42	446.75	450.95	450.95	16,747,500
Jun 24, 2024	449.80	452.75	446.41	447.67	447.67	15,913,700
Jun 21, 2024	447.38	450.58	446.51	449.78	449.78	34,486,200
Jun 20, 2024	446.30	446.53	441.27	445.70	445.70	19,877,400
Jun 18, 2024	449.71	450.14	444.89	446.34	446.34	17,112,500
Jun 17, 2024	442.59	450.94	440.72	448.37	448.37	20,790,000
Jun 14, 2024	438.28	443.14	436.72	442.57	442.57	13,582,000
Jun 13, 2024	440.85	443.39	439.37	441.58	441.58	15,960,600
Jun 12, 2024	435.32	443.40	433.25	441.06	441.06	22,366,200
Jun 11, 2024	425.48	432.82	425.25	432.68	432.68	14,551,100
Jun 10, 2024	424.70	428.08	423.89	427.87	427.87	14,003,000
Jun 07, 2024	426.20	426.28	423.00	423.85	423.85	13,621,700
Jun 06, 2024	424.01	425.31	420.58	424.52	424.52	14,861,300
Jun 05, 2024	417.81	424.08	416.30	424.01	424.01	16,988,000
Jun 04, 2024	412.43	416.44	409.68	416.07	416.07	14,348,900
Jun 03, 2024	415.53	416.43	408.92	413.52	413.52	17,484,700
May 31, 2024	416.75	416.75	404.51	415.13	415.13	47,995,300
May 30, 2024	424.30	424.30	414.24	414.67	414.67	28,424,800
May 29, 2024	425.69	430.94	425.69	429.17	429.17	15,517,100
May 28, 2024	429.63	430.82	426.60	430.32	430.32	15,718,000
May 24, 2024	427.19	431.06	424.41	430.16	430.16	11,845,800
May 23, 2024	432.97	433.60	425.42	427.00	427.00	17,211,700
May 22, 2024	430.09	432.41	427.13	430.52	430.52	18,073,700
May 21, 2024	426.83	432.97	424.85	429.04	429.04	21,453,300
May 20, 2024	420.21	426.77	419.99	425.34	425.34	16,272,100
May 17, 2024	422.54	422.92	418.03	420.21	420.21	15,352,200
May 16, 2024	421.80	425.42	420.35	420.99	420.99	17,530,100
May 15, 2024	417.90	423.81	417.27	423.08	423.08	22,239,500
May 14, 2024	412.02	417.49	411.55	416.56	415.81	15,109,300
May 13, 2024	418.01	418.35	410.82	413.72	412.98	15,440,200
May 10, 2024	412.94	415.38	411.80	414.74	413.99	13,402,300
May 09, 2024	410.57	412.72	409.10	412.32	411.58	14,689,700
May 08, 2024	408.17	412.23	406.71	410.54	409.80	11,792,300
May 07, 2024	414.66	414.67	409.09	409.34	408.60	20,018,200
May 06, 2024	408.76	413.93	406.37	413.54	412.80	16,996,600
May 03, 2024	402.28	407.15	401.86	406.66	405.93	17,446,700
May 02, 2024	397.66	399.93	394.65	397.84	397.12	17,709,400
May 01, 2024	392.61	401.72	390.31	394.94	394.23	23,562,500
Apr 30, 2024	401.49	402.16	389.17	389.33	388.63	28,781,400
Apr 29, 2024	405.25	406.32	399.19	402.25	401.53	19,582,100
Apr 26, 2024	412.17	413.00	405.76	406.32	405.59	29,694,700
Apr 25, 2024	394.03	399.89	388.03	399.04	398.32	40,586,500
Apr 24, 2024	409.56	412.47	406.78	409.06	408.32	15,065,300
Apr 23, 2024	404.24	408.20	403.06	407.57	406.84	15,734,500
Apr 22, 2024	400.08	402.85	395.75	400.96	400.24	20,286,900
Apr 19, 2024	404.03	405.48	397.77	399.12	398.40	30,276,500
Apr 18, 2024	410.63	411.89	403.95	404.27	403.54	21,029,900
Apr 17, 2024	417.25	418.88	410.33	411.84	411.10	15,855,500
Apr 16, 2024	414.57	418.40	413.73	414.58	413.83	16,765,600
Apr 15, 2024	426.60	426.82	413.43	413.64	412.90	20,273,500
Apr 12, 2024	424.05	425.18	419.77	421.90	421.14	19,232,100
Apr 11, 2024	425.82	429.37	422.36	427.93	427.16	17,966,400
Apr 10, 2024	422.19	424.03	419.70	423.26	422.50	16,216,600
Apr 09, 2024	426.44	427.74	421.62	426.28	425.51	12,512,300
Apr 08, 2024	425.17	427.28	423.30	424.59	423.83	14,272,400
Apr 05, 2024	420.01	426.51	418.32	425.52	424.75	16,544,300
Apr 04, 2024	424.99	428.67	417.57	417.88	417.13	19,370,900
Apr 03, 2024	419.73	423.26	419.09	420.45	419.69	16,502,300
Apr 02, 2024	420.11	422.38	417.84	421.44	420.68	17,912,000
Apr 01, 2024	423.95	427.89	422.22	424.57	423.81	16,316,000
Mar 28, 2024	420.96	421.87	419.12	420.72	419.96	21,871,200
Mar 27, 2024	424.44	424.45	419.01	421.43	420.67	16,705,000
Mar 26, 2024	425.61	425.99	421.35	421.65	420.89	16,725,600
Mar 25, 2024	425.24	427.41	421.61	422.86	422.10	18,060,500
Mar 22, 2024	429.70	429.86	426.07	428.74	427.97	17,636,500
Mar 21, 2024	429.83	430.82	427.16	429.37	428.60	21,296,200
Mar 20, 2024	422.00	425.96	420.66	425.23	424.46	17,860,100
Mar 19, 2024	417.83	421.67	415.55	421.41	420.65	19,837,900
Mar 18, 2024	414.25	420.73	413.78	417.32	416.57	20,106,000
Mar 15, 2024	419.29	422.60	412.79	416.42	415.67	45,049,800
Mar 14, 2024	420.24	427.82	417.99	425.22	424.45	34,157,300
Mar 13, 2024	418.10	418.18	411.45	415.10	414.35	17,115,900
Mar 12, 2024	407.62	415.57	406.79	415.28	414.53	22,457,000
Mar 11, 2024	403.76	405.68	401.26	404.52	403.79	16,120,800
Mar 08, 2024	407.96	410.42	404.33	406.22	405.49	17,971,700
Mar 07, 2024	406.12	409.78	402.24	409.14	408.40	18,718,500
Mar 06, 2024	402.97	405.16	398.39	402.09	401.37	22,344,100
Mar 05, 2024	413.96	414.25	400.64	402.65	401.93	26,919,200
Mar 04, 2024	413.44	417.35	412.32	414.92	414.17	17,596,000
Mar 01, 2024	411.27	415.87	410.88	415.50	414.75	17,800,300
Feb 29, 2024	408.64	414.20	405.92	413.64	412.90	31,947,300
Feb 28, 2024	408.18	409.30	405.32	407.72	406.99	13,183,100
Feb 27, 2024	407.99	408.32	403.85	407.48	406.75	14,835,800
Feb 26, 2024	411.46	412.16	407.36	407.54	406.81	16,193,500
Feb 23, 2024	415.67	415.86	408.97	410.34	409.60	16,295,900
Feb 22, 2024	410.19	412.83	408.57	411.65	410.91	27,009,900
Feb 21, 2024	400.17	402.29	397.22	402.18	401.46	18,631,100
Feb 20, 2024	403.24	404.49	398.01	402.79	402.06	24,307,900
Feb 16, 2024	407.96	408.29	403.44	404.06	403.33	22,281,100
Feb 15, 2024	408.14	409.13	404.29	406.56	405.83	21,825,500
Feb 14, 2024	408.07	409.84	404.57	409.49	408.75	20,401,200
Feb 13, 2024	404.94	410.07	403.39	406.32	404.84	27,824,900
Feb 12, 2024	420.56	420.74	414.75	415.26	413.75	21,202,900
Feb 09, 2024	415.25	420.82	415.09	420.55	419.02	22,032,800
Feb 08, 2024	414.05	415.56	412.53	414.11	412.60	21,225,300
Feb 07, 2024	407.44	414.30	407.40	414.05	412.54	22,340,500
Feb 06, 2024	405.88	407.97	402.91	405.49	404.01	18,382,600
Feb 05, 2024	409.90	411.16	403.99	405.65	404.17	25,352,300
Feb 02, 2024	403.81	412.65	403.56	411.22	409.72	28,245,000
Feb 01, 2024	401.83	408.00	401.80	403.78	402.31	30,657,700
Jan 31, 2024	406.96	415.32	397.21	397.58	396.13	47,871,100
Jan 30, 2024	412.26	413.05	406.45	408.59	407.10	33,477,600
Jan 29, 2024	406.06	409.98	404.33	409.72	408.23	24,510,200
Jan 26, 2024	404.37	406.17	402.43	403.93	402.46	17,803,300
Jan 25, 2024	404.32	407.01	402.53	404.87	403.40	21,021,200
Jan 24, 2024	401.54	405.63	400.45	402.56	401.09	24,867,000
Jan 23, 2024	395.75	399.38	393.93	398.90	397.45	20,525,900
Jan 22, 2024	400.02	400.62	393.59	396.51	395.07	27,016,900
Jan 19, 2024	395.76	398.67	393.50	398.67	397.22	29,272,000
Jan 18, 2024	391.72	393.99	390.12	393.87	392.44	23,392,100
Jan 17, 2024	387.98	390.11	384.81	389.47	388.05	22,234,100
Jan 16, 2024	393.66	394.03	387.62	390.27	388.85	27,202,300
Jan 12, 2024	385.49	388.68	384.65	388.47	387.05	21,645,700
Jan 11, 2024	386.00	390.68	380.38	384.63	383.23	27,850,800
Jan 10, 2024	376.37	384.17	376.32	382.77	381.38	25,514,200
Jan 09, 2024	372.01	375.99	371.19	375.79	374.42	20,830,000
Jan 08, 2024	369.30	375.20	369.01	374.69	373.33	23,134,000
Jan 05, 2024	368.97	372.06	366.50	367.75	366.41	20,987,000
Jan 04, 2024	370.67	373.10	367.17	367.94	366.60	20,901,500
Jan 03, 2024	369.01	373.26	368.51	370.60	369.25	23,083,500
Jan 02, 2024	373.86	375.90	366.77	370.87	369.52	25,258,600
Dec 29, 2023	376.00	377.16	373.48	376.04	374.67	18,723,000
Dec 28, 2023	375.37	376.46	374.16	375.28	373.91	14,327,000
Dec 27, 2023	373.69	375.06	372.81	374.07	372.71	14,905,400
Dec 26, 2023	375.00	376.94	373.50	374.66	373.30	12,673,100
Dec 22, 2023	373.68	375.18	372.71	374.58	373.22	17,091,100
Dec 21, 2023	372.56	374.41	370.04	373.54	372.18	17,708,000
Dec 20, 2023	375.00	376.03	370.53	370.62	369.27	26,316,700
Dec 19, 2023	371.49	373.26	369.84	373.26	371.90	20,603,700
Dec 18, 2023	369.45	373.00	368.68	372.65	371.29	21,802,900
Dec 15, 2023	366.85	372.40	366.28	370.73	369.38	78,478,200
Dec 14, 2023	373.31	373.76	364.13	365.93	364.60	43,277,500
Dec 13, 2023	376.02	377.64	370.77	374.37	373.01	30,955,500
Dec 12, 2023	370.85	374.42	370.46	374.38	373.02	24,838,300
Dec 11, 2023	368.48	371.60	366.10	371.30	369.95	27,708,800
Dec 08, 2023	369.20	374.46	368.23	374.23	372.87	20,144,800
Dec 07, 2023	368.23	371.45	366.32	370.95	369.60	23,118,900
Dec 06, 2023	373.54	374.18	368.03	368.80	367.46	21,182,100
Dec 05, 2023	366.45	373.08	365.62	372.52	371.16	23,065,000
Dec 04, 2023	369.10	369.52	362.90	369.14	367.80	32,063,300
Dec 01, 2023	376.76	378.16	371.31	374.51	373.15	33,020,400
Nov 30, 2023	378.49	380.09	375.47	378.91	377.53	30,554,400
Nov 29, 2023	383.76	384.30	377.44	378.85	377.47	28,963,400
Nov 28, 2023	378.35	383.00	378.16	382.70	381.31	20,453,100
Nov 27, 2023	376.78	380.64	376.20	378.61	377.23	22,179,200
Nov 24, 2023	377.33	377.97	375.14	377.43	376.05	10,176,600
Nov 22, 2023	378.00	379.79	374.97	377.85	376.47	23,345,300
Nov 21, 2023	375.67	376.22	371.12	373.07	371.71	28,423,100
Nov 20, 2023	371.22	378.87	371.00	377.44	376.07	52,465,100
Nov 17, 2023	373.61	374.37	367.00	369.85	368.50	40,157,000
Nov 16, 2023	370.96	376.35	370.18	376.17	374.80	27,182,300
Nov 15, 2023	371.28	373.13	367.11	369.67	368.32	26,860,100
Nov 14, 2023	371.01	371.95	367.35	370.27	368.17	27,683,900
Nov 13, 2023	368.22	368.47	365.90	366.68	364.60	19,986,500
Nov 10, 2023	361.49	370.10	361.07	369.67	367.58	28,042,100
Nov 09, 2023	362.30	364.79	360.36	360.69	358.65	24,847,300
Nov 08, 2023	361.68	363.87	360.55	363.20	361.14	26,767,800
Nov 07, 2023	359.40	362.46	357.63	360.53	358.49	25,833,900
Nov 06, 2023	353.45	357.54	353.35	356.53	354.51	23,828,300
Nov 03, 2023	349.63	354.39	347.33	352.80	350.80	23,624,000
Nov 02, 2023	347.24	348.83	344.77	348.32	346.35	24,348,100
Nov 01, 2023	339.79	347.42	339.65	346.07	344.11	28,158,800
Oct 31, 2023	338.85	339.00	334.69	338.11	336.20	20,265,300
Oct 30, 2023	333.41	339.45	331.83	337.31	335.40	22,828,100
Oct 27, 2023	330.43	336.72	328.40	329.81	327.94	29,856,500
Oct 26, 2023	340.54	341.63	326.94	327.89	326.03	37,828,500
Oct 25, 2023	345.02	346.20	337.62	340.67	338.74	55,053,800
Oct 24, 2023	331.30	331.84	327.60	330.53	328.66	31,153,600
Oct 23, 2023	325.47	332.73	324.39	329.32	327.46	24,374,700
Oct 20, 2023	331.72	331.92	325.45	326.67	324.82	25,012,600
Oct 19, 2023	332.15	336.88	330.91	331.32	329.44	25,052,100
Oct 18, 2023	332.49	335.59	328.30	330.11	328.24	23,153,600
Oct 17, 2023	329.59	333.46	327.41	332.06	330.18	18,338,500
Oct 16, 2023	331.05	336.14	330.60	332.64	330.76	22,158,000
Oct 13, 2023	332.38	333.83	326.36	327.73	325.87	21,072,400
Oct 12, 2023	330.57	333.63	328.72	331.16	329.29	19,313,100
Oct 11, 2023	331.21	332.82	329.14	332.42	330.54	20,063,200
Oct 10, 2023	330.96	331.10	327.67	328.39	326.53	20,557,100
Oct 09, 2023	324.75	330.30	323.18	329.82	327.95	19,891,200
Oct 06, 2023	316.55	329.19	316.30	327.26	325.41	25,645,500
Oct 05, 2023	319.09	319.98	314.90	319.36	317.55	16,965,600
Oct 04, 2023	314.03	320.04	314.00	318.96	317.15	20,720,100
Oct 03, 2023	320.83	321.39	311.21	313.39	311.62	21,033,500
Oct 02, 2023	316.28	321.89	315.18	321.80	319.98	20,570,000
Sep 29, 2023	317.75	319.47	314.98	315.75	313.96	24,140,300
Sep 28, 2023	310.99	315.48	309.45	313.64	311.86	19,683,600
Sep 27, 2023	312.30	314.30	309.69	312.79	311.02	19,410,100
Sep 26, 2023	315.13	315.88	310.02	312.14	310.37	26,297,600
Sep 25, 2023	316.59	317.67	315.00	317.54	315.74	17,836,000
Sep 22, 2023	321.32	321.45	316.15	317.01	315.22	21,447,900
Sep 21, 2023	319.26	325.35	315.00	319.53	317.72	35,529,500
Sep 20, 2023	329.51	329.59	320.51	320.77	318.95	21,436,500
Sep 19, 2023	326.17	329.39	324.51	328.65	326.79	16,505,900
Sep 18, 2023	327.80	330.40	326.36	329.06	327.20	16,834,200
Sep 15, 2023	336.92	337.40	329.65	330.22	328.35	37,666,900
Sep 14, 2023	339.15	340.86	336.57	338.70	336.78	20,267,000
Sep 13, 2023	331.31	336.85	331.17	336.06	334.16	16,544,400
Sep 12, 2023	335.82	336.79	331.48	331.77	329.89	17,565,500
Sep 11, 2023	337.24	338.42	335.43	337.94	336.03	16,583,300
Sep 08, 2023	330.09	336.16	329.46	334.27	332.38	19,530,100
Sep 07, 2023	331.29	333.08	329.03	329.91	328.04	18,381,000
Sep 06, 2023	333.38	334.46	330.18	332.88	331.00	17,535,800
Sep 05, 2023	329.00	334.85	328.66	333.55	331.66	18,553,900
Sep 01, 2023	331.31	331.99	326.78	328.66	326.80	14,931,200
Aug 31, 2023	329.20	330.91	326.78	327.76	325.90	26,411,000
Aug 30, 2023	328.67	329.81	326.45	328.79	326.93	15,222,100
Aug 29, 2023	321.88	328.98	321.88	328.41	326.55	19,284,600
Aug 28, 2023	325.66	326.15	321.72	323.70	321.87	14,808,500
Aug 25, 2023	321.47	325.36	318.80	322.98	321.15	21,684,100
Aug 24, 2023	332.85	332.98	319.96	319.97	318.16	23,281,400
Aug 23, 2023	323.82	329.20	323.46	327.00	325.15	21,166,400
Aug 22, 2023	325.50	326.08	321.46	322.46	320.63	16,102,000
Aug 21, 2023	317.93	322.77	317.04	321.88	320.06	24,040,000
Aug 18, 2023	314.49	318.38	311.55	316.48	314.69	24,744,800
Aug 17, 2023	320.54	321.87	316.21	316.88	315.09	21,257,200
Aug 16, 2023	320.80	324.42	319.80	320.40	318.59	20,698,900
Aug 15, 2023	323.00	325.09	320.90	321.86	319.36	16,966,300
Aug 14, 2023	321.39	324.06	320.08	324.04	321.52	18,836,100
Aug 11, 2023	320.26	322.41	319.21	321.01	318.52	24,342,600
Aug 10, 2023	326.02	328.26	321.18	322.93	320.42	20,113,700
Aug 09, 2023	326.47	327.11	321.05	322.23	319.73	22,373,300
Aug 08, 2023	326.96	328.75	323.00	326.05	323.52	22,327,600
Aug 07, 2023	328.37	331.11	327.52	330.11	327.55	17,741,500
Aug 04, 2023	331.88	335.14	327.24	327.78	325.24	23,727,700
Aug 03, 2023	326.00	329.88	325.95	326.66	324.12	18,253,700
Aug 02, 2023	333.63	333.63	326.36	327.50	324.96	27,761,300
Aug 01, 2023	335.19	338.54	333.70	336.34	333.73	18,311,900
Jul 31, 2023	336.92	337.70	333.36	335.92	333.31	25,446,000
Jul 28, 2023	333.67	340.01	333.17	338.37	335.74	28,484,900
Jul 27, 2023	340.48	341.33	329.05	330.72	328.15	39,635,300
Jul 26, 2023	341.44	344.67	333.11	337.77	335.15	58,383,700
Jul 25, 2023	347.11	351.89	345.07	350.98	348.26	41,637,700
Jul 24, 2023	345.85	346.92	342.31	345.11	342.43	26,678,100
Jul 21, 2023	349.15	350.30	339.83	343.77	343.77	69,368,900
Jul 20, 2023	353.57	357.97	345.37	346.87	346.87	33,778,400
Jul 19, 2023	361.75	362.46	352.44	355.08	355.08	39,732,900
Jul 18, 2023	345.83	366.78	342.17	359.49	359.49	64,872,700
Jul 17, 2023	345.68	346.99	342.20	345.73	345.73	20,363,900
Jul 14, 2023	347.59	351.43	344.31	345.24	345.24	28,302,200
Jul 13, 2023	339.56	343.74	339.02	342.66	342.66	20,567,200
Jul 12, 2023	336.60	341.65	335.67	337.20	337.20	29,995,300
Jul 11, 2023	331.06	332.86	327.00	332.47	332.47	26,698,200
Jul 10, 2023	334.60	335.23	327.59	331.83	331.83	32,791,400
Jul 07, 2023	339.32	341.79	337.00	337.22	337.22	21,185,300
Jul 06, 2023	337.30	342.99	335.50	341.27	341.27	28,161,200
Jul 05, 2023	335.09	341.65	334.73	338.15	338.15	18,172,400
Jul 03, 2023	339.19	340.90	336.57	337.99	337.99	12,508,700
Jun 30, 2023	337.75	342.73	337.20	340.54	340.54	26,823,800
Jun 29, 2023	334.71	336.11	332.62	335.05	335.05	16,997,000
Jun 28, 2023	334.66	337.98	333.81	335.85	335.85	20,259,500
Jun 27, 2023	331.86	336.15	329.30	334.57	334.57	24,354,100
Jun 26, 2023	333.72	336.11	328.49	328.60	328.60	21,520,600
Jun 23, 2023	334.36	337.96	333.45	335.02	335.02	23,084,700
Jun 22, 2023	334.12	340.12	333.34	339.71	339.71	23,556,800
Jun 21, 2023	336.37	337.73	332.07	333.56	333.56	25,117,800
Jun 20, 2023	339.31	342.08	335.86	338.05	338.05	26,375,400
Jun 16, 2023	351.32	351.47	341.95	342.33	342.33	46,533,600
Jun 15, 2023	337.48	349.84	337.20	348.10	348.10	38,899,100
Jun 14, 2023	334.34	339.04	332.81	337.34	337.34	26,003,800
Jun 13, 2023	334.47	336.98	330.39	334.29	334.29	22,951,300
Jun 12, 2023	328.58	332.10	325.16	331.85	331.85	24,260,300
Jun 09, 2023	324.99	329.99	324.41	326.79	326.79	22,514,900
Jun 08, 2023	323.94	326.64	323.35	325.26	325.26	23,277,700
Jun 07, 2023	331.65	334.49	322.50	323.38	323.38	40,717,100
Jun 06, 2023	335.33	335.37	332.17	333.68	333.68	20,396,200
Jun 05, 2023	335.22	338.56	334.66	335.94	335.94	21,307,100
Jun 02, 2023	334.25	337.50	332.55	335.40	335.40	25,864,000
Jun 01, 2023	325.93	333.53	324.72	332.58	332.58	26,773,900
May 31, 2023	332.29	335.94	327.33	328.39	328.39	45,950,600
May 30, 2023	335.23	335.74	330.52	331.21	331.21	29,503,100
May 26, 2023	324.02	333.40	323.88	332.89	332.89	36,630,600
May 25, 2023	323.24	326.90	320.00	325.92	325.92	43,301,700
May 24, 2023	314.73	316.50	312.61	313.85	313.85	23,384,900
May 23, 2023	320.03	322.72	315.25	315.26	315.26	30,797,200
May 22, 2023	318.60	322.59	318.01	321.18	321.18	24,115,700
May 19, 2023	316.74	318.75	316.37	318.34	318.34	27,529,500
May 18, 2023	314.53	319.04	313.72	318.52	318.52	27,276,000
May 17, 2023	312.29	314.43	310.74	314.00	314.00	24,315,000
May 16, 2023	309.83	313.71	309.83	311.74	311.06	26,730,300
May 15, 2023	309.10	309.90	307.59	309.46	308.78	16,336,500
May 12, 2023	310.55	310.65	306.60	308.97	308.30	19,758,100
May 11, 2023	310.10	311.12	306.26	310.11	309.43	31,680,200
May 10, 2023	308.62	313.00	307.67	312.31	311.63	30,078,000
May 09, 2023	308.00	310.04	306.31	307.00	306.33	21,340,800
May 08, 2023	310.13	310.20	306.09	308.65	307.98	21,318,600
May 05, 2023	305.72	311.97	304.27	310.65	309.97	28,181,200
May 04, 2023	306.24	307.76	303.40	305.41	304.74	22,519,900
May 03, 2023	306.62	308.61	304.09	304.40	303.74	22,360,800
May 02, 2023	307.76	309.18	303.91	305.41	304.74	26,404,400
May 01, 2023	306.97	308.60	305.15	305.56	304.89	21,294,100
Apr 28, 2023	304.01	308.93	303.31	307.26	306.59	36,446,700
Apr 27, 2023	295.97	305.20	295.25	304.83	304.17	46,462,600
Apr 26, 2023	296.70	299.57	292.73	295.37	294.73	64,599,200
Apr 25, 2023	279.51	281.60	275.37	275.42	274.82	45,772,200
Apr 24, 2023	282.09	284.95	278.72	281.77	281.16	26,611,000
Apr 21, 2023	285.01	286.27	283.06	285.76	285.14	21,676,400
Apr 20, 2023	285.25	289.03	285.08	286.11	285.49	23,244,400
Apr 19, 2023	285.99	289.05	284.54	288.45	287.82	17,150,300
Apr 18, 2023	291.57	291.76	287.01	288.37	287.74	20,161,800
Apr 17, 2023	289.93	291.60	286.16	288.80	288.17	23,836,200
Apr 14, 2023	287.00	288.48	283.69	286.14	285.52	20,987,900
Apr 13, 2023	283.59	289.90	283.17	289.84	289.21	24,222,700
Apr 12, 2023	284.79	287.01	281.96	283.49	282.87	27,403,400
Apr 11, 2023	285.75	285.98	281.64	282.83	282.21	27,276,600
Apr 10, 2023	289.21	289.60	284.71	289.39	288.76	23,103,000
Apr 06, 2023	283.21	292.08	282.03	291.60	290.96	29,770,300
Apr 05, 2023	285.85	287.15	282.92	284.34	283.72	22,064,800
Apr 04, 2023	287.23	290.45	285.67	287.18	286.55	25,824,300
Apr 03, 2023	286.52	288.27	283.95	287.23	286.60	24,883,300
Mar 31, 2023	283.73	289.27	283.00	288.30	287.67	32,766,000
Mar 30, 2023	284.23	284.46	281.48	284.05	283.43	25,053,400
Mar 29, 2023	278.96	281.14	278.41	280.51	279.90	25,087,000
Mar 28, 2023	275.79	276.14	272.05	275.23	274.63	21,878,600
Mar 27, 2023	280.50	281.46	275.52	276.38	275.78	26,840,200
Mar 24, 2023	277.24	280.63	275.28	280.57	279.96	28,172,000
Mar 23, 2023	277.94	281.06	275.20	277.66	277.05	36,610,900
Mar 22, 2023	273.40	281.04	272.18	272.29	271.70	34,873,300
Mar 21, 2023	274.88	275.00	269.52	273.78	273.18	34,558,700
Mar 20, 2023	276.98	277.48	269.85	272.23	271.64	43,466,600
Mar 17, 2023	278.26	283.33	276.32	279.43	278.82	69,527,400
Mar 16, 2023	265.21	276.56	263.28	276.20	275.60	54,768,800
Mar 15, 2023	259.98	266.48	259.21	265.44	264.86	46,028,000
Mar 14, 2023	256.75	261.07	255.86	260.79	260.22	33,620,300
Mar 13, 2023	247.40	257.91	245.73	253.92	253.37	33,339,700
Mar 10, 2023	251.08	252.79	247.60	248.59	248.05	28,333,900
Mar 09, 2023	255.82	259.56	251.58	252.32	251.77	26,653,400
Mar 08, 2023	254.04	254.54	250.81	253.70	253.15	17,340,200
Mar 07, 2023	256.30	257.69	253.39	254.15	253.60	21,473,200
Mar 06, 2023	256.43	260.12	255.98	256.87	256.31	24,109,800
Mar 03, 2023	252.19	255.62	251.39	255.29	254.73	30,760,100
Mar 02, 2023	246.55	251.40	245.61	251.11	250.56	24,808,200
Mar 01, 2023	250.76	250.93	245.79	246.27	245.73	27,565,300
Feb 28, 2023	249.07	251.49	248.73	249.42	248.88	22,491,000
Feb 27, 2023	252.46	252.82	249.39	250.16	249.61	21,190,000
Feb 24, 2023	249.96	251.00	248.10	249.22	248.68	24,990,900
Feb 23, 2023	255.56	256.84	250.48	254.77	254.21	29,219,100
Feb 22, 2023	254.09	254.34	250.34	251.51	250.96	22,491,100
Feb 21, 2023	254.48	255.49	251.59	252.67	252.12	28,397,400
Feb 17, 2023	259.39	260.09	256.00	258.06	257.50	30,000,100
Feb 16, 2023	264.02	266.74	261.90	262.15	261.58	29,603,600
Feb 15, 2023	268.32	270.73	266.18	269.32	268.73	28,922,400
Feb 14, 2023	272.67	274.97	269.28	272.17	270.90	37,047,900
Feb 13, 2023	267.64	274.60	267.15	271.32	270.05	44,630,900
Feb 10, 2023	261.53	264.09	260.66	263.10	261.87	25,818,500
Feb 09, 2023	273.80	273.98	262.80	263.62	262.39	42,375,100
Feb 08, 2023	273.20	276.76	266.21	266.73	265.48	54,686,000
Feb 07, 2023	260.53	268.77	260.08	267.56	266.31	50,841,400
Feb 06, 2023	257.44	258.30	254.78	256.77	255.57	22,518,000
Feb 03, 2023	259.54	264.20	257.10	258.35	257.14	29,077,300
Feb 02, 2023	258.82	264.69	257.25	264.60	263.36	39,940,400
Feb 01, 2023	248.00	255.18	245.47	252.75	251.57	31,259,900
Jan 31, 2023	243.45	247.95	242.95	247.81	246.65	26,541,100
Jan 30, 2023	244.51	245.60	242.20	242.71	241.58	25,867,400
Jan 27, 2023	248.99	249.83	246.83	248.16	247.00	26,498,900
Jan 26, 2023	243.65	248.31	242.00	248.00	246.84	33,454,500
Jan 25, 2023	234.48	243.30	230.90	240.61	239.49	66,526,600
Jan 24, 2023	242.50	243.95	240.44	242.04	240.91	40,234,400
Jan 23, 2023	241.10	245.17	239.65	242.58	241.45	31,934,000
Jan 20, 2023	234.86	240.74	234.51	240.22	239.10	35,389,800
Jan 19, 2023	233.78	235.52	230.68	231.93	230.85	28,623,000
Jan 18, 2023	241.57	242.38	235.52	235.81	234.71	30,028,700
Jan 17, 2023	237.97	240.91	237.09	240.35	239.23	29,831,300
Jan 13, 2023	237.00	239.37	234.92	239.23	238.11	21,333,300
Jan 12, 2023	235.26	239.90	233.56	238.51	237.40	27,269,500
Jan 11, 2023	231.29	235.95	231.11	235.77	234.67	28,669,300
Jan 10, 2023	227.76	231.31	227.33	228.85	227.78	27,033,900
Jan 09, 2023	226.45	231.24	226.41	227.12	226.06	27,369,800
Jan 06, 2023	223.00	225.76	219.35	224.93	223.88	43,613,600
Jan 05, 2023	227.20	227.55	221.76	222.31	221.27	39,585,600
Jan 04, 2023	232.28	232.87	225.96	229.10	228.03	50,623,400
Jan 03, 2023	243.08	245.75	237.40	239.58	238.46	25,740,000
Dec 30, 2022	238.21	239.96	236.66	239.82	238.70	21,938,500
Dec 29, 2022	235.65	241.92	235.65	241.01	239.88	19,770,700
Dec 28, 2022	236.89	239.72	234.17	234.53	233.43	17,457,100
Dec 27, 2022	238.70	238.93	235.83	236.96	235.85	16,688,600
Dec 23, 2022	236.11	238.87	233.94	238.73	237.61	21,207,000
Dec 22, 2022	241.26	241.99	233.87	238.19	237.08	28,651,700
Dec 21, 2022	241.69	245.62	240.11	244.43	243.29	23,690,600
Dec 20, 2022	239.40	242.91	238.42	241.80	240.67	25,150,800
Dec 19, 2022	244.86	245.21	238.71	240.45	239.33	29,696,400
Dec 16, 2022	248.55	249.84	243.51	244.69	243.55	86,102,000
Dec 15, 2022	253.72	254.20	247.34	249.01	247.85	35,560,400
Dec 14, 2022	257.13	262.59	254.31	257.22	256.02	35,410,900
Dec 13, 2022	261.69	263.92	253.07	256.92	255.72	42,196,900
Dec 12, 2022	247.45	252.54	247.17	252.51	251.33	30,665,100
Dec 09, 2022	244.70	248.31	244.16	245.42	244.27	20,609,700
Dec 08, 2022	244.84	248.74	243.06	247.40	246.24	22,611,800
Dec 07, 2022	244.83	246.16	242.21	244.37	243.23	20,481,500
Dec 06, 2022	250.82	251.86	243.78	245.12	243.97	22,463,700
Dec 05, 2022	252.01	253.82	248.06	250.20	249.03	23,435,300
Dec 02, 2022	249.82	256.06	249.69	255.02	253.83	21,528,500
Dec 01, 2022	253.87	256.12	250.92	254.69	253.50	26,041,500
Nov 30, 2022	240.57	255.33	239.86	255.14	253.95	47,594,200
Nov 29, 2022	241.40	242.79	238.21	240.33	239.21	17,956,300
Nov 28, 2022	246.08	246.65	240.80	241.76	240.63	24,778,200
Nov 25, 2022	247.31	248.70	246.73	247.49	246.33	9,200,800
Nov 23, 2022	245.11	248.28	244.27	247.58	246.42	19,508,500
Nov 22, 2022	243.59	245.31	240.71	245.03	243.88	19,665,700
Nov 21, 2022	241.43	244.67	241.19	242.05	240.92	26,394,700
Nov 18, 2022	243.51	243.74	239.03	241.22	240.09	27,613,500
Nov 17, 2022	237.78	243.25	237.63	241.68	240.55	23,123,500
Nov 16, 2022	242.79	243.80	240.42	241.73	240.60	24,093,300
Nov 15, 2022	245.66	247.00	240.03	241.97	240.16	31,390,100
Nov 14, 2022	241.99	243.91	239.21	241.55	239.75	31,123,300
Nov 11, 2022	242.99	247.99	241.93	247.11	245.26	34,620,200
Nov 10, 2022	235.43	243.33	235.00	242.98	241.16	46,268,000
Nov 09, 2022	227.37	228.63	224.33	224.51	222.83	27,852,900
Nov 08, 2022	228.70	231.65	225.84	228.87	227.16	28,192,500
Nov 07, 2022	221.99	228.41	221.28	227.87	226.17	33,498,000
Nov 04, 2022	217.55	221.59	213.43	221.39	219.74	36,789,100
Nov 03, 2022	220.09	220.41	213.98	214.25	212.65	36,633,900
Nov 02, 2022	229.46	231.30	220.04	220.10	218.46	38,407,000
Nov 01, 2022	234.60	235.74	227.33	228.17	226.47	30,592,300
Oct 31, 2022	233.76	234.92	231.15	232.13	230.40	28,357,300
Oct 28, 2022	226.24	236.60	226.05	235.87	234.11	40,647,700
Oct 27, 2022	231.04	233.69	225.78	226.75	225.06	40,424,600
Oct 26, 2022	231.17	238.30	230.06	231.32	229.59	82,543,200
Oct 25, 2022	247.26	251.04	245.83	250.66	248.79	34,775,500
Oct 24, 2022	243.76	247.84	241.30	247.25	245.40	24,911,200
Oct 21, 2022	234.74	243.00	234.50	242.12	240.31	26,299,700
Oct 20, 2022	235.77	241.31	234.87	236.15	234.39	21,811,000
Oct 19, 2022	237.04	239.61	234.29	236.48	234.71	19,985,700
Oct 18, 2022	243.24	243.93	235.37	238.50	236.72	26,329,600
Oct 17, 2022	235.82	238.96	235.14	237.53	235.76	28,142,300
Oct 14, 2022	235.54	237.24	228.34	228.56	226.85	30,198,600
Oct 13, 2022	219.85	236.10	219.13	234.24	232.49	42,551,800
Oct 12, 2022	225.40	227.86	223.96	225.75	224.06	21,903,900
Oct 11, 2022	227.62	229.06	224.11	225.41	223.73	30,474,000
Oct 10, 2022	233.05	234.56	226.73	229.25	227.54	29,743,600
Oct 07, 2022	240.90	241.32	233.17	234.24	232.49	37,769,600
Oct 06, 2022	247.93	250.34	246.08	246.79	244.95	20,239,900
Oct 05, 2022	245.99	250.58	244.10	249.20	247.34	20,347,100
Oct 04, 2022	245.09	250.36	244.98	248.88	247.02	34,888,400
Oct 03, 2022	235.41	241.61	234.66	240.74	238.94	28,880,400
Sep 30, 2022	238.29	240.54	232.73	232.90	231.16	35,694,800
Sep 29, 2022	238.89	239.95	234.41	237.50	235.73	27,484,200
Sep 28, 2022	236.81	242.33	234.73	241.07	239.27	29,029,700
Sep 27, 2022	239.98	241.80	234.50	236.41	234.64	27,018,700
Sep 26, 2022	237.05	241.45	236.90	237.45	235.68	27,694,200
Sep 23, 2022	239.54	241.13	235.20	237.92	236.14	34,176,000
Sep 22, 2022	237.87	243.86	237.57	240.98	239.18	31,061,200
Sep 21, 2022	244.27	247.66	238.90	238.95	237.16	28,625,600
Sep 20, 2022	242.07	243.51	239.64	242.45	240.64	26,660,300
Sep 19, 2022	242.47	245.14	240.85	244.52	242.69	26,826,900
Sep 16, 2022	244.26	245.30	242.06	244.74	242.91	39,791,800
Sep 15, 2022	249.77	251.40	244.02	245.38	243.55	31,530,900
Sep 14, 2022	253.53	254.23	249.86	252.22	250.34	23,913,000
Sep 13, 2022	258.84	260.40	251.59	251.99	250.11	33,353,300
Sep 12, 2022	265.78	267.45	265.16	266.65	264.66	18,747,700
Sep 09, 2022	260.50	265.23	260.29	264.46	262.48	22,084,700
Sep 08, 2022	257.51	260.43	254.79	258.52	256.59	20,319,900
Sep 07, 2022	254.70	258.83	253.22	258.09	256.16	24,126,700
Sep 06, 2022	256.20	257.83	251.94	253.25	251.36	21,328,200
Sep 02, 2022	261.70	264.74	254.47	256.06	254.15	22,855,400
Sep 01, 2022	258.87	260.89	255.41	260.40	258.45	23,263,400
Aug 31, 2022	265.39	267.11	261.33	261.47	259.52	24,791,800
Aug 30, 2022	266.67	267.05	260.66	262.97	261.01	22,767,100
Aug 29, 2022	265.85	267.40	263.85	265.23	263.25	20,338,500
Aug 26, 2022	279.08	280.34	267.98	268.09	266.09	27,549,300
Aug 25, 2022	277.33	279.02	274.52	278.85	276.77	16,583,400
Aug 24, 2022	275.41	277.23	275.11	275.79	273.73	18,137,000
Aug 23, 2022	276.44	278.86	275.40	276.44	274.37	17,527,400
Aug 22, 2022	282.08	282.46	277.22	277.75	275.67	25,061,100
Aug 19, 2022	288.90	289.25	285.56	286.15	284.01	20,570,000
Aug 18, 2022	290.19	291.91	289.08	290.17	288.00	17,186,200
Aug 17, 2022	289.74	293.35	289.47	291.32	289.14	18,253,400
Aug 16, 2022	291.99	294.04	290.42	292.71	289.91	18,102,900
Aug 15, 2022	291.00	294.18	290.11	293.47	290.66	18,085,700
Aug 12, 2022	288.48	291.91	286.94	291.91	289.12	22,619,700
Aug 11, 2022	290.85	291.21	286.51	287.02	284.27	20,065,900
Aug 10, 2022	288.17	289.81	286.94	289.16	286.39	24,687,800
Aug 09, 2022	279.64	283.08	277.61	282.30	279.60	23,405,200
Aug 08, 2022	284.05	285.92	279.32	280.32	277.64	18,739,200
Aug 05, 2022	279.15	283.65	278.68	282.91	280.20	16,774,600
Aug 04, 2022	281.80	283.80	280.17	283.65	280.93	18,098,700
Aug 03, 2022	276.76	283.50	276.61	282.47	279.77	23,518,900
Aug 02, 2022	276.00	277.89	272.38	274.82	272.19	22,754,200
Aug 01, 2022	277.82	281.28	275.84	278.01	275.35	21,539,600
Jul 29, 2022	277.70	282.00	276.63	280.74	278.05	32,152,800
Jul 28, 2022	269.75	277.84	267.87	276.41	273.76	33,459,300
Jul 27, 2022	261.16	270.05	258.85	268.74	266.17	45,994,000
Jul 26, 2022	259.86	259.88	249.57	251.90	249.49	39,348,000
Jul 25, 2022	261.00	261.50	256.81	258.83	256.35	21,056,000
Jul 22, 2022	265.24	265.33	259.07	260.36	257.87	21,881,300
Jul 21, 2022	259.79	264.89	257.03	264.84	262.30	22,404,700
Jul 20, 2022	259.90	264.87	258.91	262.27	259.76	22,788,300
Jul 19, 2022	257.58	259.72	253.68	259.53	257.05	25,012,600
Jul 18, 2022	259.75	260.84	253.30	254.25	251.82	20,975,000
Jul 15, 2022	255.72	260.37	254.77	256.72	254.26	29,774,100
Jul 14, 2022	250.57	255.14	245.94	254.08	251.65	25,102,800
Jul 13, 2022	250.19	253.55	248.11	252.72	250.30	29,497,400
Jul 12, 2022	265.88	265.94	252.04	253.67	251.24	35,868,500
Jul 11, 2022	265.65	266.53	262.18	264.51	261.98	19,455,200
Jul 08, 2022	264.79	268.10	263.29	267.66	265.10	19,658,800
Jul 07, 2022	265.12	269.06	265.02	268.40	265.83	20,859,900
Jul 06, 2022	263.75	267.99	262.40	266.21	263.66	23,824,400
Jul 05, 2022	256.16	262.98	254.74	262.85	260.33	22,941,000
Jul 01, 2022	256.39	259.77	254.61	259.58	257.09	22,837,700
Jun 30, 2022	257.05	259.53	252.90	256.83	254.37	31,730,900
Jun 29, 2022	257.59	261.97	255.76	260.26	257.77	20,069,800
Jun 28, 2022	263.98	266.91	256.32	256.48	254.02	27,295,500
Jun 27, 2022	268.21	268.30	263.28	264.89	262.35	24,615,100
Jun 24, 2022	261.81	267.98	261.72	267.70	265.14	33,923,200
Jun 23, 2022	255.57	259.37	253.63	258.86	256.38	25,861,400
Jun 22, 2022	251.89	257.17	250.37	253.13	250.71	25,939,900
Jun 21, 2022	250.26	254.75	249.51	253.74	251.31	29,928,300
Jun 17, 2022	244.70	250.50	244.03	247.65	245.28	43,084,800
Jun 16, 2022	245.98	247.42	243.02	244.97	242.62	33,169,200
Jun 15, 2022	248.31	255.30	246.42	251.76	249.35	33,111,700
Jun 14, 2022	243.86	245.74	241.51	244.49	242.15	28,651,500
Jun 13, 2022	245.11	249.02	241.53	242.26	239.94	46,135,800
Jun 10, 2022	260.58	260.58	252.53	252.99	250.57	31,422,800
Jun 09, 2022	267.78	272.71	264.63	264.79	262.26	26,439,700
Jun 08, 2022	271.71	273.00	269.61	270.41	267.82	17,372,300
Jun 07, 2022	266.64	273.13	265.94	272.50	269.89	22,860,700
Jun 06, 2022	272.06	274.18	267.22	268.75	266.18	22,400,300
Jun 03, 2022	270.31	273.45	268.41	270.02	267.43	28,059,000
Jun 02, 2022	264.45	274.65	261.60	274.58	271.95	44,008,200
Jun 01, 2022	275.20	277.69	270.04	272.42	269.81	25,292,200
May 31, 2022	272.53	274.77	268.93	271.87	269.27	37,827,700
May 27, 2022	268.48	273.34	267.56	273.24	270.62	26,910,800
May 26, 2022	262.27	267.11	261.43	265.90	263.35	25,002,100
May 25, 2022	258.14	264.58	257.13	262.52	260.01	28,547,900
May 24, 2022	257.89	261.33	253.50	259.62	257.13	29,043,900
May 23, 2022	255.49	261.50	253.43	260.65	258.15	33,175,400
May 20, 2022	257.24	258.54	246.44	252.56	250.14	39,199,300
May 19, 2022	253.90	257.67	251.88	253.14	250.72	32,692,300
May 18, 2022	263.00	263.60	252.77	254.08	251.65	31,356,000
May 17, 2022	266.11	268.33	262.46	266.82	263.65	28,828,800
May 16, 2022	259.96	265.82	255.78	261.50	258.39	32,550,900
May 13, 2022	257.35	263.04	255.35	261.12	258.02	34,925,100
May 12, 2022	257.69	259.88	250.02	255.35	252.32	51,033,800
May 11, 2022	265.68	271.36	259.30	260.55	257.46	48,975,900
May 10, 2022	271.69	273.75	265.07	269.50	266.30	39,336,400
May 09, 2022	270.06	272.36	263.32	264.58	261.44	47,726,000
May 06, 2022	274.81	279.25	271.27	274.73	271.47	37,780,300
May 05, 2022	285.54	286.35	274.34	277.35	274.06	43,260,400
May 04, 2022	282.59	290.88	276.73	289.98	286.54	33,599,300
May 03, 2022	283.96	284.13	280.15	281.78	278.43	25,978,600
May 02, 2022	277.71	284.94	276.22	284.47	281.09	35,151,100
Apr 29, 2022	288.61	289.88	276.50	277.52	274.22	37,073,900
Apr 28, 2022	285.19	290.98	281.46	289.63	286.19	33,646,600
Apr 27, 2022	282.10	290.97	279.16	283.22	279.86	63,477,700
Apr 26, 2022	277.50	278.36	270.00	270.22	267.01	46,518,400
Apr 25, 2022	273.29	281.11	270.77	280.72	277.39	35,678,900
Apr 22, 2022	281.68	283.20	273.38	274.03	270.78	29,405,800
Apr 21, 2022	288.58	293.30	280.06	280.81	277.48	29,454,600
Apr 20, 2022	289.40	289.70	285.37	286.36	282.96	22,906,700
Apr 19, 2022	279.38	286.17	278.41	285.30	281.91	22,297,700
Apr 18, 2022	278.91	282.46	278.34	280.52	277.19	20,778,000
Apr 14, 2022	288.09	288.31	279.32	279.83	276.51	28,221,600
Apr 13, 2022	282.73	288.58	281.30	287.62	284.20	21,907,200
Apr 12, 2022	289.24	290.74	280.49	282.06	278.71	30,966,700
Apr 11, 2022	291.79	292.61	285.00	285.26	281.87	34,569,300
Apr 08, 2022	300.44	301.12	296.28	296.97	293.44	24,361,900
Apr 07, 2022	296.66	303.65	296.35	301.37	297.79	31,411,200
Apr 06, 2022	305.19	307.00	296.71	299.50	295.94	40,110,400
Apr 05, 2022	313.27	314.87	309.87	310.88	307.19	23,156,700
Apr 04, 2022	310.09	315.11	309.71	314.97	311.23	24,289,600
Apr 01, 2022	309.37	310.13	305.54	309.42	305.75	27,110,500
Mar 31, 2022	313.90	315.14	307.89	308.31	304.65	33,422,100
Mar 30, 2022	313.76	315.95	311.58	313.86	310.13	28,163,600
Mar 29, 2022	313.91	315.82	309.05	315.41	311.66	30,393,400
Mar 28, 2022	304.33	310.80	304.33	310.70	307.01	29,578,200
Mar 25, 2022	305.23	305.50	299.29	303.68	300.07	22,566,500
Mar 24, 2022	299.14	304.20	298.32	304.10	300.49	24,484,500
Mar 23, 2022	300.51	303.23	297.72	299.49	295.93	25,715,400
Mar 22, 2022	299.80	305.00	298.77	304.06	300.45	27,599,700
Mar 21, 2022	298.89	300.14	294.90	299.16	295.61	28,351,200
Mar 18, 2022	295.37	301.00	292.73	300.43	296.86	43,390,600
Mar 17, 2022	293.29	295.61	289.37	295.22	291.71	30,816,600
Mar 16, 2022	289.11	294.57	283.20	294.39	290.89	37,826,300
Mar 15, 2022	280.35	287.82	278.73	287.15	283.74	34,245,100
Mar 14, 2022	280.34	285.40	275.82	276.44	273.16	30,660,700
Mar 11, 2022	287.96	289.51	279.43	280.07	276.74	27,209,300
Mar 10, 2022	283.02	286.60	280.58	285.59	282.20	30,628,000
Mar 09, 2022	283.44	289.60	280.78	288.50	285.07	35,204,500
Mar 08, 2022	277.80	283.96	270.00	275.85	272.57	48,159,500
Mar 07, 2022	288.53	289.69	278.53	278.91	275.60	43,157,200
Mar 04, 2022	294.29	295.66	287.17	289.86	286.42	32,356,500
Mar 03, 2022	302.89	303.13	294.05	295.92	292.41	27,314,500
Mar 02, 2022	295.36	301.47	293.70	300.19	296.63	31,873,000
Mar 01, 2022	296.40	299.97	292.15	294.95	291.45	31,217,800
Feb 28, 2022	294.31	299.14	293.00	298.79	295.24	34,627,500
Feb 25, 2022	295.14	297.63	291.65	297.31	293.78	32,546,700
Feb 24, 2022	272.51	295.16	271.52	294.59	291.09	56,989,700
Feb 23, 2022	290.18	291.70	280.10	280.27	276.94	37,811,200
Feb 22, 2022	285.00	291.54	284.50	287.72	284.30	41,736,100
Feb 18, 2022	293.05	293.86	286.31	287.93	284.51	34,264,000
Feb 17, 2022	296.36	296.80	290.00	290.73	287.28	32,461,600
Feb 16, 2022	298.37	300.87	293.68	299.50	295.94	29,982,100
Feb 15, 2022	300.01	300.80	297.02	300.47	296.29	27,058,300
Feb 14, 2022	293.77	296.76	291.35	295.00	290.90	36,359,500
Feb 11, 2022	303.19	304.29	294.22	295.04	290.93	39,175,600
Feb 10, 2022	304.04	309.12	300.70	302.38	298.17	45,386,200
Feb 09, 2022	309.87	311.93	307.39	311.21	306.88	31,284,700
Feb 08, 2022	301.25	305.56	299.95	304.56	300.32	32,421,200
Feb 07, 2022	306.17	307.84	299.90	300.95	296.76	28,533,300
Feb 04, 2022	300.21	308.80	299.97	305.94	301.68	35,096,500
Feb 03, 2022	309.49	311.23	299.96	301.25	297.06	43,730,000
Feb 02, 2022	309.63	315.12	308.88	313.46	309.10	36,636,000
Feb 01, 2022	310.41	310.63	305.13	308.76	304.46	40,950,400
Jan 31, 2022	308.95	312.38	306.37	310.98	306.65	46,444,500
Jan 28, 2022	300.23	308.48	294.45	308.26	303.97	49,743,700
Jan 27, 2022	302.66	307.30	297.93	299.84	295.67	53,481,300
Jan 26, 2022	307.99	308.50	293.03	296.71	292.58	90,428,900
Jan 25, 2022	291.52	294.99	285.17	288.49	284.48	72,848,600
Jan 24, 2022	292.20	297.11	276.05	296.37	292.25	85,731,500
Jan 21, 2022	302.69	304.11	295.61	296.03	291.91	57,984,400
Jan 20, 2022	309.07	311.65	301.14	301.60	297.40	35,380,700
Jan 19, 2022	306.29	313.91	302.70	303.33	299.11	45,933,900
Jan 18, 2022	304.07	309.80	301.74	302.65	298.44	42,333,200
Jan 14, 2022	304.25	310.82	303.75	310.20	305.88	39,846,400
Jan 13, 2022	320.47	320.88	304.00	304.80	300.56	45,366,000
Jan 12, 2022	319.67	323.41	317.08	318.27	313.84	34,372,200
Jan 11, 2022	313.38	316.61	309.89	314.98	310.60	29,386,800
Jan 10, 2022	309.49	314.72	304.69	314.27	309.90	44,289,500
Jan 07, 2022	314.15	316.50	310.09	314.04	309.67	32,720,000
Jan 06, 2022	313.15	318.70	311.49	313.88	309.51	39,646,100
Jan 05, 2022	325.86	326.07	315.98	316.38	311.98	40,054,300
Jan 04, 2022	334.83	335.20	326.12	329.01	324.43	32,674,300
Jan 03, 2022	335.35	338.00	329.78	334.75	330.09	28,865,100
Dec 31, 2021	338.51	339.36	335.85	336.32	331.64	18,000,800
Dec 30, 2021	341.91	343.13	338.82	339.32	334.60	15,994,500
Dec 29, 2021	341.30	344.30	339.68	341.95	337.19	15,042,000
Dec 28, 2021	343.15	343.81	340.32	341.25	336.50	15,661,500
Dec 27, 2021	335.46	342.48	335.43	342.45	337.69	19,947,000
Dec 23, 2021	332.75	336.39	332.73	334.69	330.03	19,617,800
Dec 22, 2021	328.30	333.61	325.75	333.20	328.56	24,831,500
Dec 21, 2021	323.29	327.73	319.80	327.29	322.74	24,740,600
Dec 20, 2021	320.05	322.80	317.57	319.91	315.46	28,326,500
Dec 17, 2021	320.88	324.92	317.25	323.80	319.29	47,750,300
Dec 16, 2021	335.71	336.76	323.02	324.90	320.38	35,034,800
Dec 15, 2021	328.61	335.19	324.50	334.65	329.99	35,381,100
Dec 14, 2021	333.22	334.64	324.11	328.34	323.77	44,438,700
Dec 13, 2021	340.68	343.79	339.08	339.40	334.68	28,899,400
Dec 10, 2021	334.98	343.00	334.79	342.54	337.77	38,095,700
Dec 09, 2021	334.41	336.49	332.12	333.10	328.47	22,214,200
Dec 08, 2021	335.31	335.50	330.80	334.97	330.31	24,761,000
Dec 07, 2021	331.64	335.80	330.10	334.92	330.26	31,021,900
Dec 06, 2021	323.95	327.45	319.23	326.19	321.65	30,032,600
Dec 03, 2021	331.99	332.70	318.03	323.01	318.52	41,779,300
Dec 02, 2021	330.30	333.49	327.80	329.49	324.91	30,766,000
Dec 01, 2021	335.13	339.28	329.39	330.08	325.49	33,337,600
Nov 30, 2021	335.32	337.78	328.99	330.59	325.99	42,885,600
Nov 29, 2021	334.94	339.03	334.74	336.63	331.95	28,563,500
Nov 26, 2021	334.35	337.93	328.12	329.68	325.09	24,217,200
Nov 24, 2021	336.28	338.16	333.91	337.91	333.21	21,661,300
Nov 23, 2021	337.05	339.45	333.56	337.68	332.98	30,427,600
Nov 22, 2021	344.62	349.67	339.55	339.83	335.10	31,031,100
Nov 19, 2021	342.64	345.10	342.20	343.11	338.34	21,963,400
Nov 18, 2021	338.18	342.45	337.12	341.27	336.52	22,463,500
Nov 17, 2021	338.94	342.19	338.00	339.12	334.40	19,053,400
Nov 16, 2021	335.68	340.67	335.51	339.51	334.17	20,886,800
Nov 15, 2021	337.54	337.88	334.03	336.07	330.79	16,723,000
Nov 12, 2021	333.92	337.23	333.79	336.72	331.43	23,831,000
Nov 11, 2021	331.25	333.77	330.51	332.43	327.21	16,849,800
Nov 10, 2021	334.57	334.63	329.92	330.80	325.60	25,500,900
Nov 09, 2021	337.11	338.72	334.53	335.95	330.67	21,307,400
Nov 08, 2021	337.30	337.65	334.44	336.99	331.69	20,897,000
Nov 05, 2021	338.51	338.79	334.42	336.06	330.78	22,570,100
Nov 04, 2021	332.89	336.54	329.51	336.44	331.15	23,992,200
Nov 03, 2021	333.90	334.90	330.65	334.00	328.75	21,500,100
Nov 02, 2021	330.31	333.45	330.00	333.13	327.89	26,487,100
Nov 01, 2021	331.36	331.49	326.37	329.37	324.19	27,073,200
Oct 29, 2021	324.13	332.00	323.90	331.62	326.41	34,766,000
Oct 28, 2021	324.33	324.87	321.36	324.35	319.25	26,297,900
Oct 27, 2021	316.00	326.10	316.00	323.17	318.09	52,588,700
Oct 26, 2021	311.00	312.40	308.60	310.11	305.24	28,107,300
Oct 25, 2021	309.36	309.40	306.46	308.13	303.29	17,554,500
Oct 22, 2021	310.40	311.09	307.80	309.16	304.30	17,449,300
Oct 21, 2021	307.17	311.02	306.36	310.76	305.88	16,918,100
Oct 20, 2021	309.21	309.70	306.11	307.41	302.58	16,537,100
Oct 19, 2021	308.35	309.30	307.22	308.23	303.39	17,682,100
Oct 18, 2021	303.57	308.21	302.69	307.29	302.46	22,729,300
Oct 15, 2021	302.34	304.45	300.52	304.21	299.43	25,384,800
Oct 14, 2021	299.21	303.27	297.83	302.75	297.99	27,262,900
Oct 13, 2021	294.91	297.28	293.49	296.31	291.65	23,416,300
Oct 12, 2021	295.34	295.44	292.35	292.88	288.28	17,974,100
Oct 11, 2021	292.92	297.97	292.75	294.23	289.61	19,298,600
Oct 08, 2021	296.22	296.64	293.76	294.85	290.22	17,685,700
Oct 07, 2021	295.18	296.64	293.92	294.85	290.22	20,430,500
Oct 06, 2021	285.78	293.63	285.51	293.11	288.50	28,002,600
Oct 05, 2021	284.05	290.40	284.05	288.76	284.22	24,993,000
Oct 04, 2021	287.40	287.75	280.25	283.11	278.66	31,350,700
Oct 01, 2021	282.12	289.98	281.29	289.10	284.56	30,086,300
Sep 30, 2021	285.71	287.83	281.62	281.92	277.49	32,343,600
Sep 29, 2021	285.10	286.77	283.01	284.00	279.54	26,353,700
Sep 28, 2021	289.80	290.78	282.75	283.52	279.06	43,186,200
Sep 27, 2021	296.14	296.47	292.94	294.17	289.55	23,571,700
Sep 24, 2021	298.23	299.80	296.93	299.35	294.65	14,999,000
Sep 23, 2021	298.85	300.90	297.53	299.56	294.85	18,604,600
Sep 22, 2021	296.73	300.22	294.51	298.58	293.89	26,626,300
Sep 21, 2021	295.69	297.54	294.07	294.80	290.17	22,364,100
Sep 20, 2021	296.33	298.72	289.52	294.30	289.68	38,278,700
Sep 17, 2021	304.17	304.50	299.53	299.87	295.16	41,372,500
Sep 16, 2021	303.76	305.31	300.76	305.22	300.42	19,550,800
Sep 15, 2021	303.26	305.32	301.82	304.82	300.03	28,356,300
Sep 14, 2021	299.56	301.39	298.10	299.79	295.08	21,853,400
Sep 13, 2021	297.55	298.54	294.08	296.99	292.32	23,652,900
Sep 10, 2021	298.42	299.92	295.38	295.71	291.06	19,633,400
Sep 09, 2021	300.82	302.14	297.00	297.25	292.58	19,927,000
Sep 08, 2021	299.78	300.61	297.47	300.21	295.49	15,046,800
Sep 07, 2021	301.01	301.09	298.20	300.18	295.46	17,180,400
Sep 03, 2021	300.99	302.60	300.26	301.14	296.41	14,747,900
Sep 02, 2021	302.20	303.36	300.18	301.15	296.42	16,285,600
Sep 01, 2021	302.87	305.19	301.49	301.83	297.09	18,983,800
Aug 31, 2021	304.42	304.50	301.50	301.88	297.14	26,285,300
Aug 30, 2021	301.12	304.22	301.06	303.59	298.82	16,348,100
Aug 27, 2021	298.99	300.87	296.83	299.72	295.01	22,605,700
Aug 26, 2021	300.99	302.43	298.95	299.09	294.39	17,666,100
Aug 25, 2021	304.30	304.59	300.42	302.01	297.26	20,006,100
Aug 24, 2021	305.02	305.65	302.00	302.62	297.86	18,175,800
Aug 23, 2021	303.25	305.40	301.85	304.65	299.86	22,830,200
Aug 20, 2021	299.72	305.84	298.06	304.36	299.58	40,817,600
Aug 19, 2021	288.69	297.47	288.64	296.77	292.11	29,850,500
Aug 18, 2021	292.04	294.82	290.27	290.73	286.16	21,813,000
Aug 17, 2021	292.39	293.43	291.08	293.08	287.92	20,075,300
Aug 16, 2021	293.19	294.82	290.02	294.60	289.42	22,507,600
Aug 13, 2021	289.48	292.90	289.30	292.85	287.70	18,249,000
Aug 12, 2021	286.63	289.97	286.34	289.81	284.71	14,561,300
Aug 11, 2021	287.21	288.66	285.86	286.95	281.90	13,955,900
Aug 10, 2021	288.80	289.25	285.20	286.44	281.40	18,616,600
Aug 09, 2021	289.75	291.55	287.81	288.33	283.26	16,117,600
Aug 06, 2021	288.51	289.50	287.62	289.46	284.37	16,589,300
Aug 05, 2021	286.88	289.63	286.10	289.52	284.43	13,900,200
Aug 04, 2021	286.22	287.59	284.65	286.51	281.47	16,191,300
Aug 03, 2021	285.42	287.23	284.00	287.12	282.07	17,879,000
Aug 02, 2021	286.36	286.77	283.74	284.82	279.81	16,267,400
Jul 30, 2021	285.17	286.66	283.91	284.91	279.90	20,944,800
Jul 29, 2021	286.24	288.62	286.08	286.50	281.46	18,168,300
Jul 28, 2021	288.99	290.15	283.83	286.22	281.18	33,566,900
Jul 27, 2021	289.43	289.58	282.95	286.54	281.50	33,604,100
Jul 26, 2021	289.00	289.69	286.64	289.05	283.96	23,176,100
Jul 23, 2021	287.37	289.99	286.50	289.67	284.57	22,768,100
Jul 22, 2021	283.84	286.42	283.42	286.14	281.11	23,384,100
Jul 21, 2021	278.90	281.52	277.29	281.40	276.45	24,364,300
Jul 20, 2021	278.03	280.97	276.26	279.32	274.41	26,259,700
Jul 19, 2021	278.93	280.37	274.45	277.01	272.14	32,935,600
Jul 16, 2021	282.07	284.10	279.46	280.75	275.81	26,186,800
Jul 15, 2021	282.00	282.51	279.83	281.03	276.09	22,604,200
Jul 14, 2021	282.35	283.66	280.55	282.51	277.54	23,113,700
Jul 13, 2021	277.52	282.85	277.39	280.98	276.04	26,120,100
Jul 12, 2021	279.16	279.77	276.58	277.32	272.44	18,931,700
Jul 09, 2021	275.72	278.05	275.32	277.94	273.05	23,916,700
Jul 08, 2021	276.90	278.73	274.87	277.42	272.54	24,618,600
Jul 07, 2021	279.40	280.69	277.15	279.93	275.00	23,260,000
Jul 06, 2021	278.03	279.37	274.30	277.66	272.77	31,565,600
Jul 02, 2021	272.82	278.00	272.50	277.65	272.76	26,458,000
Jul 01, 2021	269.61	271.84	269.60	271.60	266.82	16,725,300
Jun 30, 2021	270.69	271.36	269.60	270.90	266.13	21,656,500
Jun 29, 2021	268.87	271.65	267.98	271.40	266.62	19,937,800
Jun 28, 2021	266.19	268.90	265.91	268.72	263.99	19,590,000
Jun 25, 2021	266.23	267.25	264.76	265.02	260.36	25,611,100
Jun 24, 2021	266.16	267.85	265.47	266.69	262.00	21,446,900
Jun 23, 2021	265.99	266.83	264.43	265.27	260.60	19,518,700
Jun 22, 2021	262.72	265.79	262.40	265.51	260.84	24,694,100
Jun 21, 2021	259.82	263.52	257.92	262.63	258.01	26,696,100
Jun 18, 2021	259.63	262.30	258.75	259.43	254.87	37,202,200
Jun 17, 2021	256.07	261.75	256.01	260.90	256.31	27,565,500
Jun 16, 2021	259.40	260.58	254.42	257.38	252.85	27,220,000
Jun 15, 2021	259.77	259.99	257.68	258.36	253.81	18,038,900
Jun 14, 2021	257.90	259.95	256.80	259.89	255.32	19,150,500
Jun 11, 2021	257.99	258.49	256.61	257.89	253.35	18,999,700
Jun 10, 2021	254.29	257.46	253.67	257.24	252.71	24,563,600
Jun 09, 2021	253.81	255.53	253.21	253.59	249.13	17,937,600
Jun 08, 2021	255.16	256.01	252.51	252.57	248.13	22,455,000
Jun 07, 2021	249.98	254.09	249.81	253.81	249.34	23,079,200
Jun 04, 2021	247.76	251.65	247.51	250.79	246.38	25,281,100
Jun 03, 2021	245.22	246.34	243.00	245.71	241.39	25,307,700
Jun 02, 2021	248.13	249.27	245.84	247.30	242.95	19,406,700
Jun 01, 2021	251.23	251.29	246.96	247.40	243.05	23,213,300
May 28, 2021	251.00	252.08	249.56	249.68	245.29	18,270,200
May 27, 2021	251.17	251.48	249.25	249.31	244.92	24,426,200
May 26, 2021	251.43	252.94	250.75	251.49	247.06	17,771,600
May 25, 2021	251.77	252.75	250.82	251.72	247.29	17,704,300
May 24, 2021	247.79	251.16	247.51	250.78	246.37	21,411,500
May 21, 2021	247.57	248.33	244.74	245.17	240.86	21,863,100
May 20, 2021	243.96	247.95	243.86	246.48	242.14	21,800,700
May 19, 2021	239.31	243.23	238.60	243.12	238.84	25,739,800
May 18, 2021	246.27	246.41	242.90	243.08	238.25	20,168,000
May 17, 2021	246.55	246.59	243.52	245.18	240.31	24,970,200
May 14, 2021	245.58	249.18	245.49	248.15	243.22	23,901,100
May 13, 2021	241.80	245.60	241.42	243.03	238.20	29,624,300
May 12, 2021	242.17	244.38	238.07	239.00	234.25	36,684,400
May 11, 2021	244.55	246.60	242.57	246.23	241.34	33,641,600
May 10, 2021	250.87	251.73	247.12	247.18	242.27	29,299,900
May 07, 2021	252.15	254.30	251.17	252.46	247.45	27,032,900
May 06, 2021	246.45	249.86	244.69	249.73	244.77	26,491,100
May 05, 2021	249.06	249.50	245.82	246.47	241.58	21,901,300
May 04, 2021	250.97	251.21	245.76	247.79	242.87	32,756,100
May 03, 2021	253.40	254.35	251.12	251.86	246.86	19,626,600
Apr 30, 2021	249.74	253.08	249.60	252.18	247.17	30,945,100
Apr 29, 2021	255.46	256.10	249.00	252.51	247.50	40,589,000
Apr 28, 2021	256.08	256.54	252.95	254.56	249.50	46,903,100
Apr 27, 2021	261.58	263.19	260.12	261.97	256.77	31,014,200
Apr 26, 2021	261.66	262.44	260.17	261.55	256.36	19,763,300
Apr 23, 2021	257.88	261.51	257.27	261.15	255.96	21,462,600
Apr 22, 2021	260.21	261.78	255.64	257.17	252.06	25,606,200
Apr 21, 2021	258.94	260.68	257.25	260.58	255.41	24,030,400
Apr 20, 2021	257.82	260.20	256.84	258.26	253.13	19,722,900
Apr 19, 2021	260.19	261.48	257.82	258.74	253.60	23,209,300
Apr 16, 2021	259.47	261.00	257.60	260.74	255.56	24,878,600
Apr 15, 2021	257.93	259.93	257.73	259.50	254.35	25,627,500
Apr 14, 2021	257.48	258.83	255.16	255.59	250.51	23,070,900
Apr 13, 2021	257.26	259.19	256.83	258.49	253.36	23,837,500
Apr 12, 2021	254.71	257.67	254.62	255.91	250.83	27,148,700
Apr 09, 2021	252.87	255.99	252.44	255.85	250.77	24,326,800
Apr 08, 2021	252.77	254.14	252.00	253.25	248.22	23,625,200
Apr 07, 2021	247.81	250.93	247.19	249.90	244.94	22,719,800
Apr 06, 2021	247.61	249.40	246.88	247.86	242.94	22,931,900
Apr 05, 2021	242.76	249.96	242.70	249.07	244.12	36,910,600
Apr 01, 2021	238.47	242.84	238.05	242.35	237.54	30,338,000
Mar 31, 2021	232.91	239.10	232.39	235.77	231.09	43,623,500
Mar 30, 2021	233.53	233.85	231.10	231.85	227.25	24,792,000
Mar 29, 2021	236.59	236.80	231.88	235.24	230.57	25,227,500
Mar 26, 2021	231.55	236.71	231.55	236.48	231.78	25,479,900
Mar 25, 2021	235.30	236.94	231.57	232.34	227.73	34,061,900
Mar 24, 2021	237.85	238.00	235.32	235.46	230.78	25,620,100
Mar 23, 2021	237.49	241.05	237.07	237.58	232.86	31,638,400
Mar 22, 2021	230.27	236.90	230.14	235.99	231.30	30,127,000
Mar 19, 2021	231.02	232.47	229.35	230.35	225.78	46,430,700
Mar 18, 2021	232.56	234.19	230.33	230.72	226.14	34,833,000
Mar 17, 2021	236.15	238.55	233.23	237.04	232.33	29,562,100
Mar 16, 2021	236.28	240.06	235.94	237.71	232.99	28,092,200
Mar 15, 2021	234.96	235.19	231.81	234.81	230.15	26,034,900
Mar 12, 2021	234.01	235.82	233.23	235.75	231.07	22,653,700
Mar 11, 2021	234.96	239.17	234.31	237.13	232.42	29,907,600
Mar 10, 2021	237.00	237.00	232.04	232.42	227.80	29,746,800
Mar 09, 2021	232.88	235.38	231.67	233.78	229.14	33,080,500
Mar 08, 2021	231.37	233.37	227.13	227.39	222.87	35,267,400
Mar 05, 2021	229.52	233.27	226.46	231.60	227.00	41,872,800
Mar 04, 2021	226.74	232.49	224.26	226.73	222.23	44,727,800
Mar 03, 2021	232.16	233.58	227.26	227.56	223.04	34,029,500
Mar 02, 2021	237.01	237.30	233.45	233.87	229.23	22,812,500
Mar 01, 2021	235.90	237.47	233.15	236.94	232.23	25,324,000
Feb 26, 2021	231.53	235.37	229.54	232.38	227.77	37,819,200
Feb 25, 2021	232.08	234.59	227.88	228.99	224.44	39,542,200
Feb 24, 2021	230.01	235.20	229.00	234.55	229.89	26,339,700
Feb 23, 2021	230.33	234.83	228.73	233.27	228.64	30,228,700
Feb 22, 2021	237.42	237.93	232.40	234.51	229.85	36,446,900
Feb 19, 2021	243.75	243.86	240.18	240.97	236.18	25,262,600
Feb 18, 2021	241.80	243.93	240.86	243.79	238.95	16,925,600
Feb 17, 2021	241.32	244.31	240.94	244.20	239.35	21,653,500
Feb 16, 2021	245.03	246.13	242.92	243.70	238.31	26,728,500
Feb 12, 2021	243.93	245.30	242.73	244.99	239.57	16,561,100
Feb 11, 2021	244.78	245.15	242.15	244.49	239.08	15,751,100
Feb 10, 2021	245.00	245.92	240.89	242.82	237.45	22,186,700
Feb 09, 2021	241.87	244.76	241.38	243.77	238.38	23,565,000
Feb 08, 2021	243.15	243.68	240.81	242.47	237.11	22,211,900
Feb 05, 2021	242.23	243.28	240.42	242.20	236.84	18,054,800
Feb 04, 2021	242.66	243.24	240.37	242.01	236.66	25,296,100
Feb 03, 2021	239.57	245.09	239.26	243.00	237.63	27,158,100
Feb 02, 2021	241.30	242.31	238.69	239.51	234.21	25,916,300
Feb 01, 2021	235.06	242.50	232.43	239.65	234.35	33,314,200
Jan 29, 2021	235.99	238.02	231.35	231.96	226.83	42,503,100
Jan 28, 2021	235.61	242.64	235.09	238.93	233.65	49,111,200
Jan 27, 2021	238.00	240.44	230.14	232.90	227.75	69,870,600
Jan 26, 2021	231.86	234.18	230.08	232.33	227.19	49,169,600
Jan 25, 2021	229.12	229.78	224.22	229.53	224.45	33,152,100
Jan 22, 2021	227.08	230.07	225.80	225.95	220.95	30,172,700
Jan 21, 2021	224.70	226.30	222.42	224.97	220.00	30,709,400
Jan 20, 2021	217.70	225.79	217.29	224.34	219.38	37,777,300
Jan 19, 2021	213.75	216.98	212.63	216.44	211.65	30,480,900
Jan 15, 2021	213.52	214.51	212.03	212.65	207.95	31,746,500
Jan 14, 2021	215.91	217.46	212.74	213.02	208.31	29,480,800
Jan 13, 2021	214.02	216.76	213.93	216.34	211.56	20,087,100
Jan 12, 2021	216.50	217.10	213.32	214.93	210.18	23,249,300
Jan 11, 2021	218.47	218.91	216.73	217.49	212.68	23,031,300
Jan 08, 2021	218.68	220.58	217.03	219.62	214.76	22,956,200
Jan 07, 2021	214.04	219.34	213.71	218.29	213.46	27,694,500
Jan 06, 2021	212.17	216.49	211.94	212.25	207.56	35,930,700
Jan 05, 2021	217.26	218.52	215.70	217.90	213.08	23,823,000
Jan 04, 2021	222.53	223.00	214.81	217.69	212.88	37,130,100
Dec 31, 2020	221.70	223.00	219.68	222.42	217.50	20,942,100
Dec 30, 2020	225.23	225.63	221.47	221.68	216.78	20,272,300
Dec 29, 2020	226.31	227.18	223.58	224.15	219.19	17,403,200
Dec 28, 2020	224.45	226.03	223.02	224.96	219.99	17,933,500
Dec 24, 2020	221.42	223.61	221.20	222.75	217.82	10,550,600
Dec 23, 2020	223.11	223.56	220.80	221.02	216.13	18,699,600
Dec 22, 2020	222.69	225.63	221.85	223.94	218.99	22,612,200
Dec 21, 2020	217.55	224.00	217.28	222.59	217.67	37,181,900
Dec 18, 2020	218.59	219.69	216.02	218.59	213.76	63,354,900
Dec 17, 2020	219.87	220.89	217.92	219.42	214.57	32,515,800
Dec 16, 2020	214.75	220.11	214.72	219.28	214.43	35,023,300
Dec 15, 2020	215.17	215.42	212.24	214.13	209.40	27,000,600
Dec 14, 2020	213.10	216.21	212.88	214.20	209.46	28,798,400
Dec 11, 2020	210.05	213.32	209.11	213.26	208.54	30,979,400
Dec 10, 2020	211.77	213.08	210.36	210.52	205.87	26,733,300
Dec 09, 2020	215.16	215.23	211.21	211.80	207.12	32,440,600
Dec 08, 2020	213.97	216.95	212.89	216.01	211.23	23,284,100
Dec 07, 2020	214.37	215.54	212.99	214.29	209.55	24,620,000
Dec 04, 2020	214.22	215.38	213.18	214.36	209.62	24,666,000
Dec 03, 2020	214.61	216.38	213.65	214.24	209.50	25,120,900
Dec 02, 2020	214.88	215.47	212.80	215.37	210.61	23,724,500
Dec 01, 2020	214.51	217.32	213.35	216.21	211.43	30,904,500
Nov 30, 2020	214.10	214.76	210.84	214.07	209.34	33,064,800
Nov 27, 2020	214.85	216.27	214.04	215.23	210.47	14,512,200
Nov 25, 2020	215.11	215.29	212.46	213.87	209.14	21,012,900
Nov 24, 2020	209.59	214.25	208.86	213.86	209.13	33,979,700
Nov 23, 2020	210.95	212.29	208.16	210.11	205.46	25,683,500
Nov 20, 2020	212.20	213.29	210.00	210.39	205.74	22,843,100
Nov 19, 2020	211.38	213.03	209.93	212.42	207.72	24,792,700
Nov 18, 2020	213.65	215.17	210.93	211.08	206.41	28,372,800
Nov 17, 2020	216.10	217.68	214.08	214.46	209.17	24,154,100
Nov 16, 2020	214.87	217.74	214.52	217.23	211.87	24,953,300
Nov 13, 2020	216.36	217.42	214.16	216.51	211.17	18,621,100
Nov 12, 2020	217.21	219.11	214.46	215.44	210.13	21,593,900
Nov 11, 2020	212.39	218.04	212.20	216.55	211.21	29,440,800
Nov 10, 2020	214.50	216.50	209.72	211.01	205.81	44,045,100
Nov 09, 2020	224.44	228.12	217.88	218.39	213.00	44,395,000
Nov 06, 2020	222.26	224.36	218.03	223.72	218.20	25,231,900
Nov 05, 2020	222.04	224.12	221.15	223.29	217.78	36,080,100
Nov 04, 2020	214.02	218.32	212.42	216.39	211.05	42,311,800
Nov 03, 2020	203.89	208.12	203.12	206.43	201.34	27,512,000
Nov 02, 2020	204.29	205.28	200.12	202.33	197.34	30,842,200
Oct 30, 2020	203.50	204.29	199.62	202.47	197.48	36,953,700
Oct 29, 2020	204.07	207.36	203.37	204.72	199.67	31,432,600
Oct 28, 2020	207.67	208.84	202.10	202.68	197.68	51,195,600
Oct 27, 2020	211.59	214.67	210.33	213.25	207.99	36,700,300
Oct 26, 2020	213.85	216.34	208.10	210.08	204.90	37,111,600
Oct 23, 2020	215.03	216.28	213.16	216.23	210.90	18,879,600
Oct 22, 2020	213.93	216.06	211.70	214.89	209.59	22,351,500
Oct 21, 2020	213.12	216.92	213.12	214.80	209.50	22,724,900
Oct 20, 2020	215.80	217.37	213.09	214.65	209.36	22,753,500
Oct 19, 2020	220.42	222.30	213.72	214.22	208.94	27,625,800
Oct 16, 2020	220.15	222.29	219.32	219.66	214.24	26,057,900
Oct 15, 2020	217.10	220.36	216.01	219.66	214.24	22,733,100
Oct 14, 2020	223.00	224.22	219.13	220.86	215.41	23,421,700
Oct 13, 2020	222.72	225.21	220.43	222.86	217.36	28,950,800
Oct 12, 2020	218.79	223.86	216.81	221.40	215.94	40,461,400
Oct 09, 2020	211.23	215.86	211.23	215.81	210.49	26,458,000
Oct 08, 2020	210.51	211.19	208.32	210.58	205.39	19,925,800
Oct 07, 2020	207.06	210.11	206.72	209.83	204.65	25,681,100
Oct 06, 2020	208.82	210.18	204.82	205.91	200.83	28,554,300
Oct 05, 2020	207.22	210.41	206.98	210.38	205.19	21,331,600
Oct 02, 2020	208.00	210.99	205.54	206.19	201.10	33,154,800
Oct 01, 2020	213.49	213.99	211.32	212.46	207.22	27,158,400
Sep 30, 2020	207.73	211.98	206.54	210.33	205.14	33,829,100
Sep 29, 2020	209.35	210.07	206.81	207.26	202.15	24,221,900
Sep 28, 2020	210.88	212.57	208.06	209.44	204.27	32,004,900
Sep 25, 2020	203.55	209.04	202.54	207.82	202.69	29,437,300
Sep 24, 2020	199.85	205.57	199.20	203.19	198.18	31,202,500
Sep 23, 2020	207.90	208.10	200.03	200.59	195.64	30,803,800
Sep 22, 2020	205.06	208.10	202.08	207.42	202.30	33,517,100
Sep 21, 2020	197.19	202.71	196.38	202.54	197.54	39,839,700
Sep 18, 2020	202.80	203.65	196.25	200.39	195.45	55,225,300
Sep 17, 2020	200.05	204.33	199.96	202.91	197.91	34,011,300
Sep 16, 2020	210.62	210.65	204.64	205.05	199.99	26,328,100
Sep 15, 2020	208.42	209.78	206.93	208.78	203.63	21,823,900
Sep 14, 2020	204.24	209.20	204.03	205.41	200.34	30,375,800
Sep 11, 2020	207.20	208.63	201.24	204.03	199.00	33,620,100
Sep 10, 2020	213.40	214.74	204.11	205.37	200.30	35,461,500
Sep 09, 2020	207.60	214.84	206.70	211.29	206.08	45,679,000
Sep 08, 2020	206.50	210.03	202.20	202.66	197.66	52,924,300
Sep 04, 2020	215.10	218.36	205.19	214.25	208.97	59,664,100
Sep 03, 2020	229.27	229.31	214.96	217.30	211.94	58,400,300
Sep 02, 2020	227.97	232.86	227.35	231.65	225.94	34,080,800
Sep 01, 2020	225.51	227.45	224.43	227.27	221.66	25,725,500
Aug 31, 2020	227.00	228.70	224.31	225.53	219.97	28,774,200
Aug 28, 2020	228.18	230.64	226.58	228.91	223.26	26,292,900
Aug 27, 2020	222.89	231.15	219.40	226.58	220.99	57,602,200
Aug 26, 2020	217.88	222.09	217.36	221.15	215.70	39,600,800
Aug 25, 2020	213.10	216.61	213.10	216.47	211.13	23,043,700
Aug 24, 2020	214.79	215.52	212.43	213.69	208.42	25,460,100
Aug 21, 2020	213.86	216.25	212.85	213.02	207.77	36,249,300
Aug 20, 2020	209.54	215.00	208.91	214.58	209.29	26,981,500
Aug 19, 2020	211.49	212.10	209.25	209.70	204.53	27,627,600
Aug 18, 2020	210.53	212.36	209.21	211.49	205.78	21,336,200
Aug 17, 2020	209.60	211.19	208.92	210.28	204.60	20,184,800
Aug 14, 2020	208.76	209.59	207.51	208.90	203.26	17,958,900
Aug 13, 2020	209.44	211.35	208.15	208.70	203.06	22,588,900
Aug 12, 2020	205.29	210.28	204.75	209.19	203.54	28,013,100
Aug 11, 2020	207.16	207.65	203.14	203.38	197.89	36,446,500
Aug 10, 2020	211.67	211.88	206.35	208.25	202.62	36,716,500
Aug 07, 2020	214.85	215.70	210.93	212.48	206.74	27,820,400
Aug 06, 2020	212.34	216.37	211.55	216.35	210.50	32,656,800
Aug 05, 2020	214.90	215.00	211.57	212.94	207.19	28,806,400
Aug 04, 2020	214.17	214.77	210.31	213.29	207.53	49,280,100
Aug 03, 2020	211.52	217.64	210.44	216.54	210.69	78,983,000
Jul 31, 2020	204.40	205.10	199.01	205.01	199.47	51,044,000
Jul 30, 2020	201.00	204.46	199.57	203.90	198.39	25,079,600
Jul 29, 2020	202.50	204.65	202.01	204.06	198.55	19,632,600
Jul 28, 2020	203.61	204.70	201.74	202.02	196.56	23,251,400
Jul 27, 2020	201.47	203.97	200.86	203.85	198.34	30,160,900
Jul 24, 2020	200.42	202.86	197.51	201.30	195.86	39,827,000
Jul 23, 2020	207.19	210.92	202.15	202.54	197.07	67,457,000
Jul 22, 2020	209.20	212.30	208.39	211.75	206.03	49,605,700
Jul 21, 2020	213.66	213.94	208.03	208.75	203.11	37,990,400
Jul 20, 2020	205.00	212.30	203.01	211.60	205.88	36,884,800
Jul 17, 2020	204.47	205.04	201.39	202.88	197.40	31,635,300
Jul 16, 2020	205.40	205.70	202.31	203.92	198.41	29,940,700
Jul 15, 2020	209.56	211.33	205.03	208.04	202.42	32,179,400
Jul 14, 2020	206.13	208.85	202.03	208.35	202.72	37,591,800
Jul 13, 2020	214.48	215.80	206.50	207.07	201.48	38,135,600
Jul 10, 2020	213.62	214.08	211.08	213.67	207.90	26,177,600
Jul 09, 2020	216.33	216.38	211.47	214.32	208.53	33,121,700
Jul 08, 2020	210.07	213.26	208.69	212.83	207.08	33,600,000
Jul 07, 2020	210.45	214.67	207.99	208.25	202.62	33,600,700
Jul 06, 2020	208.83	211.13	208.09	210.70	205.01	31,897,600
Jul 02, 2020	205.68	208.02	205.00	206.26	200.69	29,315,800
Jul 01, 2020	203.14	206.35	201.77	204.70	199.17	32,061,200
Jun 30, 2020	197.88	204.40	197.74	203.51	198.01	34,310,300
Jun 29, 2020	195.78	198.53	193.55	198.44	193.08	26,701,600
Jun 26, 2020	199.73	199.89	194.88	196.33	191.03	54,675,800
Jun 25, 2020	197.80	200.61	195.47	200.34	194.93	27,803,900
Jun 24, 2020	201.60	203.25	196.56	197.84	192.50	36,740,600
Jun 23, 2020	202.09	203.95	201.43	201.91	196.46	30,917,400
Jun 22, 2020	195.79	200.76	195.23	200.57	195.15	32,818,900
Jun 19, 2020	198.59	199.29	194.37	195.15	189.88	44,441,100
Jun 18, 2020	194.00	196.49	194.00	196.32	191.02	23,061,600
Jun 17, 2020	195.03	196.32	193.69	194.24	188.99	25,687,800
Jun 16, 2020	192.89	195.58	191.46	193.57	188.34	42,556,700
Jun 15, 2020	184.58	190.82	184.01	188.94	183.84	32,770,200
Jun 12, 2020	190.54	191.72	185.18	187.74	182.67	43,373,600
Jun 11, 2020	193.13	195.76	186.07	186.27	181.24	52,854,700
Jun 10, 2020	191.13	198.52	191.01	196.84	191.52	43,872,300
Jun 09, 2020	188.00	190.70	187.26	189.80	184.67	29,783,900
Jun 08, 2020	185.94	188.55	184.44	188.36	183.27	33,211,600
Jun 05, 2020	182.62	187.73	182.01	187.20	182.14	39,893,600
Jun 04, 2020	184.30	185.84	182.30	182.92	177.98	28,761,800
Jun 03, 2020	184.82	185.94	183.58	185.36	180.35	27,311,000
Jun 02, 2020	184.25	185.00	181.35	184.91	179.91	30,794,600
Jun 01, 2020	182.54	183.00	181.46	182.83	177.89	22,622,400
May 29, 2020	182.73	184.27	180.41	183.25	178.30	42,130,400
May 28, 2020	180.74	184.15	180.38	181.40	176.50	33,810,200
May 27, 2020	180.20	181.99	176.60	181.81	176.90	39,517,100
May 26, 2020	186.34	186.50	181.10	181.57	176.66	36,073,600
May 22, 2020	183.19	184.46	182.54	183.51	178.55	20,826,900
May 21, 2020	185.40	186.67	183.29	183.43	178.47	29,119,500
May 20, 2020	184.81	185.85	183.94	185.66	180.64	31,261,300
May 19, 2020	185.03	186.60	183.49	183.63	178.17	26,799,100
May 18, 2020	185.75	186.20	183.96	184.91	179.41	35,264,500
May 15, 2020	179.06	187.06	177.00	183.16	177.72	46,610,400
May 14, 2020	177.54	180.69	175.68	180.53	175.16	41,873,900
May 13, 2020	182.55	184.05	176.54	179.75	174.41	44,711,500
May 12, 2020	186.80	187.04	182.30	182.51	177.09	32,038,200
May 11, 2020	183.15	187.51	182.85	186.74	181.19	30,892,700
May 08, 2020	184.98	185.00	183.36	184.68	179.19	30,877,800
May 07, 2020	184.17	184.55	182.58	183.60	178.14	28,316,000
May 06, 2020	182.08	184.20	181.63	182.54	177.12	32,139,300
May 05, 2020	180.62	183.65	179.90	180.76	175.39	36,839,200
May 04, 2020	174.49	179.00	173.80	178.84	173.53	30,372,900
May 01, 2020	175.80	178.64	174.01	174.57	169.38	39,370,500
Apr 30, 2020	180.00	180.40	176.23	179.21	173.88	53,875,900
Apr 29, 2020	173.22	177.68	171.88	177.43	172.16	51,286,600
Apr 28, 2020	175.59	175.67	169.39	169.81	164.76	34,392,700
Apr 27, 2020	176.59	176.90	173.30	174.05	168.88	33,194,400
Apr 24, 2020	172.06	174.56	170.71	174.55	169.36	34,277,600
Apr 23, 2020	174.11	175.06	170.91	171.42	166.33	32,790,800
Apr 22, 2020	171.39	174.00	170.82	173.52	168.36	34,620,200
Apr 21, 2020	173.50	173.67	166.11	167.82	162.83	56,203,700
Apr 20, 2020	176.63	178.75	174.99	175.06	169.86	36,669,600
Apr 17, 2020	179.50	180.00	175.87	178.60	173.29	52,765,600
Apr 16, 2020	174.30	177.28	172.90	177.04	171.78	50,479,600
Apr 15, 2020	171.20	173.57	169.24	171.88	166.77	40,940,800
Apr 14, 2020	169.00	173.75	168.00	173.70	168.54	52,874,300
Apr 13, 2020	164.35	165.57	162.30	165.51	160.59	41,905,300
Apr 09, 2020	166.36	167.37	163.33	165.14	160.23	51,385,100
Apr 08, 2020	165.67	166.67	163.50	165.13	160.22	48,318,200
Apr 07, 2020	169.59	170.00	163.26	163.49	158.63	62,769,000
Apr 06, 2020	160.32	166.50	157.58	165.27	160.36	67,111,700
Apr 03, 2020	155.10	157.38	152.19	153.83	149.26	41,243,300
Apr 02, 2020	151.86	155.48	150.36	155.26	150.65	49,630,700
Apr 01, 2020	153.00	157.75	150.82	152.11	147.59	57,969,900
Mar 31, 2020	159.40	164.78	156.56	157.71	153.02	77,927,200
Mar 30, 2020	152.44	160.60	150.01	160.23	155.47	63,420,300
Mar 27, 2020	151.75	154.89	149.20	149.70	145.25	57,042,300
Mar 26, 2020	148.40	156.66	148.37	156.11	151.47	64,568,100
Mar 25, 2020	148.91	154.33	144.44	146.92	142.55	75,638,200
Mar 24, 2020	143.75	149.60	141.27	148.34	143.93	82,516,700
Mar 23, 2020	137.01	140.57	132.52	135.98	131.94	78,975,200
Mar 20, 2020	146.00	147.10	135.86	137.35	133.27	84,866,200
Mar 19, 2020	142.77	150.15	139.00	142.71	138.47	85,922,700
Mar 18, 2020	138.00	146.00	135.02	140.40	136.23	81,593,200
Mar 17, 2020	140.00	147.50	135.00	146.57	142.21	81,059,800
Mar 16, 2020	140.00	149.35	135.00	135.42	131.40	87,905,900
Mar 13, 2020	147.50	161.91	140.73	158.83	154.11	92,727,400
Mar 12, 2020	145.30	153.47	138.58	139.06	134.93	93,226,400
Mar 11, 2020	157.13	157.70	151.15	153.63	149.06	56,371,600
Mar 10, 2020	158.16	161.03	152.58	160.92	156.14	65,354,400
Mar 09, 2020	151.00	157.75	150.00	150.62	146.14	70,419,300
Mar 06, 2020	162.61	163.11	156.00	161.57	156.77	72,821,100
Mar 05, 2020	166.05	170.87	165.69	166.27	161.33	47,817,300
Mar 04, 2020	168.49	170.70	165.62	170.55	165.48	49,814,400
Mar 03, 2020	173.80	175.00	162.26	164.51	159.62	71,677,000
Mar 02, 2020	165.31	172.92	162.31	172.79	167.65	71,030,800
Feb 28, 2020	152.41	163.71	152.00	162.01	157.20	97,012,700
Feb 27, 2020	163.32	167.03	157.98	158.18	153.48	93,174,900
Feb 26, 2020	169.71	173.26	168.21	170.17	165.11	56,206,100
Feb 25, 2020	174.20	174.84	167.65	168.07	163.08	68,073,300
Feb 24, 2020	167.77	174.55	163.23	170.89	165.81	68,311,100
Feb 21, 2020	183.17	183.50	177.25	178.59	173.28	48,572,600
Feb 20, 2020	186.95	187.25	181.10	184.42	178.94	36,862,400
Feb 19, 2020	188.06	188.18	186.47	187.28	181.71	29,997,500
Feb 18, 2020	185.61	187.70	185.50	187.23	181.17	27,792,200
Feb 14, 2020	183.25	185.41	182.65	185.35	179.35	23,149,500
Feb 13, 2020	183.08	186.23	182.87	183.71	177.76	35,295,800
Feb 12, 2020	185.58	185.85	181.85	184.71	178.73	47,062,900
Feb 11, 2020	190.65	190.70	183.50	184.44	178.47	53,159,900
Feb 10, 2020	183.58	188.84	183.25	188.70	182.59	35,844,300
Feb 07, 2020	182.85	185.63	182.48	183.89	177.94	33,529,100
Feb 06, 2020	180.97	183.82	180.06	183.63	177.69	27,751,400
Feb 05, 2020	184.03	184.20	178.41	179.90	174.08	39,186,300
Feb 04, 2020	177.14	180.64	176.31	180.12	174.29	36,433,300
Feb 03, 2020	170.43	174.50	170.40	174.38	168.74	30,107,000
Jan 31, 2020	172.21	172.40	169.58	170.23	164.72	36,142,700
Jan 30, 2020	174.05	174.05	170.79	172.78	167.19	51,597,500
Jan 29, 2020	167.84	168.75	165.69	168.04	162.60	34,754,500
Jan 28, 2020	163.78	165.76	163.07	165.46	160.11	24,899,900
Jan 27, 2020	161.15	163.38	160.20	162.28	157.03	32,078,100
Jan 24, 2020	167.51	167.53	164.45	165.04	159.70	24,918,100
Jan 23, 2020	166.19	166.80	165.27	166.72	161.32	19,680,800
Jan 22, 2020	167.40	167.49	165.68	165.70	160.34	24,138,800
Jan 21, 2020	166.68	168.19	166.43	166.50	161.11	29,517,200
Jan 17, 2020	167.42	167.47	165.43	167.10	161.69	34,371,700
Jan 16, 2020	164.35	166.24	164.03	166.17	160.79	23,865,400
Jan 15, 2020	162.62	163.94	162.57	163.18	157.90	21,417,900
Jan 14, 2020	163.39	163.60	161.72	162.13	156.88	23,477,400
Jan 13, 2020	161.76	163.31	161.26	163.28	158.00	21,626,500
Jan 10, 2020	162.82	163.22	161.18	161.34	156.12	20,725,900
Jan 09, 2020	161.84	162.22	161.03	162.09	156.84	21,385,000
Jan 08, 2020	158.93	160.80	157.95	160.09	154.91	27,746,500
Jan 07, 2020	159.32	159.67	157.32	157.58	152.48	21,634,100
Jan 06, 2020	157.08	159.10	156.51	159.03	153.88	20,813,700
Jan 03, 2020	158.32	159.95	158.06	158.62	153.49	21,116,200
Jan 02, 2020	158.78	160.73	158.33	160.62	155.42	22,622,100